{
    "Dots_forward": {
        "fps5": [0.0, 17.783332333333323, 47.294444666666664, 51.2249945, 59.116666],
        "fps10": [58.51111066666667, 36.81112000000001, 56.82777733333333, 58.51666600000001, 59.333333],
        "fps30": [58.249999, 39.64444966666664, 57.499999, 44.07916625, 59.227777],
        "fps60": [58.27778, 26.394463666666677, 58.349999333333336, 54.188888, 59.32777733333333]
    },
    "Dots_right": {
        "fps5": [0.0, 11.855550333333332, 0.03333333333333336, 22.972219, 46.04444766666666],
        "fps10": [0.0, 10.533341000000007, 0.0, 10.855555333333333, 47.58888266666667],
        "fps30": [56.67777666666667, 27.483321000000007, 50.016664999999996, 58.36111066666666, 59.15555499999999],
        "fps60": [55.15555533333333, 41.14442766666667, 37.84999966666667, 57.08333266666667, 59.37222166666666]
    },
    "Natural_right": {
        "fps5": [0.0, 18.25001133333333, 50.86111066666666, 58.966666333333336, 58.761110333333335],
        "fps10": [57.672221666666665, 15.58334266666666, 46.85555733333334, 57.95555266666667, 59.18333266666667],
        "fps30": [57.68888833333333, 15.044435333333334, 33.66666933333333, 57.29999900000001, 59.288888333333325],
        "fps60": [58.27778, 51.54443666666668, 45.90000333333333, 57.199999999999996, 59.10555333333334]
    },
    "Natural_forward": {
        "fps5": [0.0, 10.455555333333326, 47.055558, 58.877777, 59.111111],
        "fps10": [57.78333266666667, 16.622207666666664, 47.66666633333333, 59.03888833333334, 55.44999966666666],
        "fps30": [57.52222166666667, 6.505540666666671, 21.999996666666664, 58.66111066666667, 59.11111033333333],
        "fps60": [50.26666666666667, 15.988883333333339, 40.15, 57.71111333333332, 59.116666666666674]
    }
}