FrondFrameNum,FrondFrameLuminance,BackFrameNum,BackFrameLuminance,Time,Vection Response
1, 1.00000, 2, 0.00000, 0.00000, 0
1, 0.91667, 2, 0.08333, 16.66667, 0
1, 0.83333, 2, 0.16667, 33.33334, 0
1, 0.75000, 2, 0.25000, 50.00000, 0
1, 0.66667, 2, 0.33333, 66.66667, 0
1, 0.58333, 2, 0.41667, 83.33334, 0
1, 0.50000, 2, 0.50000, 100.00000, 0
1, 0.41667, 2, 0.58333, 116.66670, 0
1, 0.33333, 2, 0.66667, 133.33330, 0
1, 0.25000, 2, 0.75000, 150.00000, 0
1, 0.16667, 2, 0.83333, 166.66670, 0
