{
  "lambdas": [
    64.0,
    64.0,
    64.0,
    64.0,
    8.533333333333333,
    64.0,
    16.0,
    42.666666666666664,
    25.6,
    12.8,
    64.0,
    10.666666666666666,
    64.0,
    11.636363636363637,
    21.333333333333332,
    64.0,
    8.0,
    64.0,
    64.0,
    16.0,
    9.846153846153847,
    8.533333333333333,
    42.666666666666664,
    32.0,
    25.6,
    11.636363636363637,
    25.6,
    64.0,
    25.6,
    9.846153846153847,
    11.636363636363637,
    128.0,
    11.636363636363637,
    42.666666666666664,
    42.666666666666664
  ],
  "q10": 9.846153846153847,
  "q50": 25.6,
  "q90": 64.0,
  "d_mod": 3.288854809226814
}